-- phpMyAdmin SQL Dump
-- version 5.0.3
-- https://www.phpmyadmin.net/
--
-- Host: 127.0.0.1
-- Waktu pembuatan: 24 Jul 2023 pada 13.31
-- Versi server: 10.4.14-MariaDB
-- Versi PHP: 7.2.34

SET SQL_MODE = "NO_AUTO_VALUE_ON_ZERO";
START TRANSACTION;
SET time_zone = "+00:00";


/*!40101 SET @OLD_CHARACTER_SET_CLIENT=@@CHARACTER_SET_CLIENT */;
/*!40101 SET @OLD_CHARACTER_SET_RESULTS=@@CHARACTER_SET_RESULTS */;
/*!40101 SET @OLD_COLLATION_CONNECTION=@@COLLATION_CONNECTION */;
/*!40101 SET NAMES utf8mb4 */;

--
-- Database: `sispak_ano`
--

-- --------------------------------------------------------

--
-- Struktur dari tabel `tb_gejala`
--

CREATE TABLE `tb_gejala` (
  `id_gejala` int(11) NOT NULL,
  `nama_gejala` varchar(200) NOT NULL,
  `tipe_gejala` varchar(100) NOT NULL,
  `gambar_gejala` varchar(100) NOT NULL
) ENGINE=InnoDB DEFAULT CHARSET=utf8mb4;

--
-- Dumping data untuk tabel `tb_gejala`
--

INSERT INTO `tb_gejala` (`id_gejala`, `nama_gejala`, `tipe_gejala`, `gambar_gejala`) VALUES
(82, 'Penglihatan menjadi kabur atau tidak bisa melihat dengan jelas (jika pada bayi, bayi tidak menoleh atau merespon orang disekitarnya)', 'Umum', 'noimage.png'),
(83, 'Sensitif terhadap cahaya (mata terasa tidak nyaman saat melihat cahaya berlebih)', 'Umum', 'noimage.png'),
(84, 'Nyeri pada mata (mata terasa sakit saat menoleh)', '5 Tahun Keatas', 'noimage.png'),
(85, 'Pandangan mata seperti tertutupi asap atau berkabut', '5 Tahun Keatas', 'noimage.png'),
(86, 'Penglihatan ganda (objek yang terlihat seperti ada dua)', '5 Tahun Keatas', 'penglihatan ganda.jpg'),
(87, 'Penglihatan warna memudar atau tidak jelas', '5 Tahun Keatas', 'penglihatan warna memudar.jpeg'),
(88, 'Sulit melihat dimalam hari (rabun senja)', '5 Tahun Keatas', 'rabun senja.jpg'),
(89, 'Ada warna putih di sekitar pupil mata', 'Umum', 'warna putih di sekitar pupil.jpeg'),
(90, 'Ukuran lensa kacamata yang sering berubah-ubah (ukuran minus dan silinder terus berubah-ubah saat dilakukan pengecekan menggunakan mesin)', '5 Tahun Keatas', 'noimage.png'),
(91, 'Hanya bisa melihat normal pada cukup cahaya (penglihatan menjadi buruk di tempat yang memiliki sedikit cahaya)', '5 Tahun Keatas', 'noimage.png'),
(92, 'Lensa mata mengalami perubahan warna (lensa mata berubah warna dari yang sebelumnya)', '5 Tahun Keatas', 'lensa mata berubah warna.jpg'),
(93, 'Tidak bisa membaca dengan jelas', '5 Tahun Keatas', 'noimage.png'),
(94, 'Tidak bisa melihat objek jauh dengan jelas', '5 Tahun Keatas', 'noimage.png'),
(95, 'Pandangan mata seperti menyempit', '5 Tahun Keatas', 'pandangan mata menyempit.jpg'),
(96, 'Jumlah air mata berlebihan (sering mengalami mata berair)', 'Umum', 'gejalanoimage.png'),
(97, 'Jumlah produksi kotoran mata berlebihan', 'Umum', 'kotoran mata berlebihan.jpeg'),
(98, 'Mata kering (mata tidak dapat menghasilkan air mata seperti seharusnya)', '5 Tahun Keatas', 'gejalanoimage.png'),
(99, 'Riwayat trauma (pernah mengalami kecelakaan)', '5 Tahun Keatas', 'gejalanoimage.png'),
(100, 'Riwayat penyakit sistemik (diabetes melitus, anemia, hipertensi, AIDS, gagal ginjal kronis, dll)', 'Umum', 'gejalanoimage.png');

-- --------------------------------------------------------

--
-- Struktur dari tabel `tb_hasil`
--

CREATE TABLE `tb_hasil` (
  `id_hasil` int(11) NOT NULL,
  `tanggal` date NOT NULL,
  `penyakit` text NOT NULL,
  `gejala` text NOT NULL,
  `hasil_id` int(11) NOT NULL,
  `hasil_nilai` varchar(100) NOT NULL,
  `id_pengguna` int(11) NOT NULL
) ENGINE=InnoDB DEFAULT CHARSET=utf8mb4;

--
-- Dumping data untuk tabel `tb_hasil`
--

INSERT INTO `tb_hasil` (`id_hasil`, `tanggal`, `penyakit`, `gejala`, `hasil_id`, `hasil_nilai`, `id_pengguna`) VALUES
(137, '2023-05-31', 'a:7:{i:22;s:6:\"1.0000\";i:26;s:6:\"0.8988\";i:27;s:6:\"0.8170\";i:24;s:6:\"0.6672\";i:23;s:6:\"0.6160\";i:25;s:6:\"0.4016\";i:28;s:6:\"0.4000\";}', 'a:4:{i:82;s:1:\"3\";i:88;s:1:\"2\";i:91;s:1:\"3\";i:100;s:1:\"1\";}', 22, '1.0000', 10),
(138, '2023-05-31', 'a:5:{i:22;s:6:\"1.0000\";i:26;s:6:\"0.6000\";i:27;s:6:\"0.6000\";i:23;s:6:\"0.4000\";i:28;s:6:\"0.4000\";}', 'a:1:{i:100;s:1:\"1\";}', 22, '1.0000', 10),
(139, '2023-05-31', 'a:1:{i:28;s:6:\"1.0000\";}', 'a:1:{i:84;s:1:\"1\";}', 28, '1.0000', 10),
(140, '2023-05-31', 'a:1:{i:25;s:6:\"1.0000\";}', 'a:1:{i:93;s:1:\"1\";}', 25, '1.0000', 10),
(142, '2023-06-01', 'a:5:{i:22;s:6:\"1.0000\";i:26;s:6:\"0.6000\";i:27;s:6:\"0.6000\";i:23;s:6:\"0.4000\";i:28;s:6:\"0.4000\";}', 'a:1:{i:100;s:1:\"1\";}', 22, '1.0000', 16),
(143, '2023-06-05', 'a:1:{i:28;s:6:\"0.4000\";}', 'a:1:{i:84;s:1:\"1\";}', 28, '0.4000', 16),
(144, '2023-06-05', 'a:3:{i:25;s:6:\"1.0000\";i:23;s:6:\"0.6000\";i:26;s:6:\"0.6000\";}', 'a:2:{i:86;s:1:\"1\";i:93;s:1:\"1\";}', 25, '1.0000', 16),
(145, '2023-06-05', 'a:6:{i:24;s:6:\"0.4800\";i:23;s:6:\"0.3600\";i:27;s:6:\"0.2960\";i:26;s:6:\"0.2400\";i:22;s:6:\"0.1200\";i:25;s:6:\"0.1200\";}', 'a:2:{i:82;s:1:\"3\";i:98;s:1:\"1\";}', 24, '0.4800', 16),
(146, '2023-06-05', 'a:3:{i:27;s:6:\"0.6000\";i:26;s:6:\"0.6000\";i:25;s:6:\"0.4000\";}', 'a:1:{i:88;s:1:\"1\";}', 27, '0.6000', 16),
(147, '2023-06-05', 'a:6:{i:24;s:6:\"0.8000\";i:23;s:6:\"0.6000\";i:26;s:6:\"0.4000\";i:22;s:6:\"0.2000\";i:25;s:6:\"0.2000\";i:27;s:6:\"0.2000\";}', 'a:1:{i:82;s:1:\"1\";}', 24, '0.8000', 16),
(148, '2023-06-05', 'a:7:{i:26;s:6:\"0.8482\";i:27;s:6:\"0.7254\";i:24;s:6:\"0.6672\";i:22;s:6:\"0.6480\";i:23;s:6:\"0.4880\";i:25;s:6:\"0.4016\";i:28;s:6:\"0.2000\";}', 'a:4:{i:82;s:1:\"3\";i:88;s:1:\"2\";i:91;s:1:\"3\";i:100;s:1:\"1\";}', 26, '0.8482', 16),
(149, '2023-06-05', 'a:7:{i:25;s:6:\"0.6246\";i:23;s:6:\"0.3616\";i:24;s:6:\"0.3200\";i:28;s:6:\"0.2400\";i:27;s:6:\"0.2272\";i:26;s:6:\"0.1600\";i:22;s:6:\"0.0800\";}', 'a:3:{i:82;s:1:\"4\";i:90;s:1:\"4\";i:93;s:1:\"1\";}', 25, '0.6246', 16),
(150, '2023-06-05', 'a:6:{i:25;s:6:\"0.6180\";i:27;s:6:\"0.5720\";i:24;s:6:\"0.4800\";i:26;s:6:\"0.4224\";i:23;s:6:\"0.3600\";i:22;s:6:\"0.2256\";}', 'a:4:{i:82;s:1:\"3\";i:83;s:1:\"3\";i:88;s:1:\"4\";i:93;s:1:\"2\";}', 25, '0.6180', 16),
(151, '2023-06-05', 'a:7:{i:24;s:6:\"0.9200\";i:23;s:6:\"0.7645\";i:27;s:6:\"0.6644\";i:22;s:6:\"0.5200\";i:26;s:6:\"0.4000\";i:25;s:6:\"0.3280\";i:28;s:6:\"0.1200\";}', 'a:4:{i:82;s:1:\"1\";i:89;s:1:\"1\";i:90;s:1:\"5\";i:94;s:1:\"3\";}', 24, '0.9200', 16),
(152, '2023-06-05', 'a:7:{i:24;s:6:\"0.9360\";i:23;s:6:\"0.7645\";i:27;s:6:\"0.6644\";i:22;s:6:\"0.5200\";i:26;s:6:\"0.4000\";i:25;s:6:\"0.3280\";i:28;s:6:\"0.1200\";}', 'a:4:{i:82;s:1:\"1\";i:89;s:1:\"1\";i:90;s:1:\"5\";i:94;s:1:\"3\";}', 24, '0.9360', 16),
(153, '2023-06-05', 'a:7:{i:24;s:6:\"0.9360\";i:23;s:6:\"0.8054\";i:27;s:6:\"0.7228\";i:25;s:6:\"0.5840\";i:22;s:6:\"0.5200\";i:26;s:6:\"0.4000\";i:28;s:6:\"0.3600\";}', 'a:4:{i:82;s:1:\"1\";i:89;s:1:\"1\";i:90;s:1:\"3\";i:94;s:1:\"3\";}', 24, '0.9360', 16),
(154, '2023-06-05', 'a:7:{i:24;s:6:\"0.9360\";i:23;s:6:\"0.8054\";i:27;s:6:\"0.7665\";i:25;s:6:\"0.5840\";i:22;s:6:\"0.5200\";i:26;s:6:\"0.4000\";i:28;s:6:\"0.3600\";}', 'a:4:{i:82;s:1:\"1\";i:89;s:1:\"1\";i:90;s:1:\"3\";i:94;s:1:\"3\";}', 24, '0.9360', 16),
(155, '2023-06-05', 'a:6:{i:24;s:6:\"0.8400\";i:23;s:6:\"0.6000\";i:26;s:6:\"0.4000\";i:22;s:6:\"0.2000\";i:25;s:6:\"0.2000\";i:27;s:6:\"0.2000\";}', 'a:1:{i:82;s:1:\"1\";}', 24, '0.8400', 16),
(156, '2023-06-05', 'a:6:{i:24;s:6:\"0.8400\";i:27;s:6:\"0.6800\";i:23;s:6:\"0.6000\";i:25;s:6:\"0.5200\";i:26;s:6:\"0.4000\";i:22;s:6:\"0.3600\";}', 'a:2:{i:82;s:1:\"1\";i:83;s:1:\"1\";}', 24, '0.8400', 16),
(157, '2023-06-05', 'a:6:{i:24;s:6:\"0.9360\";i:23;s:6:\"0.6000\";i:22;s:6:\"0.5200\";i:27;s:6:\"0.5200\";i:26;s:6:\"0.4000\";i:25;s:6:\"0.2000\";}', 'a:2:{i:82;s:1:\"1\";i:89;s:1:\"1\";}', 24, '0.9360', 16),
(158, '2023-06-05', 'a:7:{i:24;s:6:\"0.8976\";i:23;s:6:\"0.8054\";i:27;s:6:\"0.7043\";i:25;s:6:\"0.5840\";i:26;s:6:\"0.4000\";i:22;s:6:\"0.3920\";i:28;s:6:\"0.3600\";}', 'a:4:{i:82;s:1:\"1\";i:89;s:1:\"3\";i:90;s:1:\"3\";i:94;s:1:\"3\";}', 24, '0.8976', 16),
(159, '2023-06-05', 'a:7:{i:24;s:6:\"0.8784\";i:23;s:6:\"0.8054\";i:27;s:6:\"0.7510\";i:25;s:6:\"0.5840\";i:22;s:6:\"0.5200\";i:26;s:6:\"0.4000\";i:28;s:6:\"0.3600\";}', 'a:4:{i:82;s:1:\"1\";i:89;s:1:\"1\";i:90;s:1:\"3\";i:94;s:1:\"3\";}', 24, '0.8784', 16),
(160, '2023-06-05', 'a:7:{i:27;s:6:\"0.9130\";i:24;s:6:\"0.9040\";i:23;s:6:\"0.8752\";i:25;s:6:\"0.8400\";i:28;s:6:\"0.6000\";i:22;s:6:\"0.5200\";i:26;s:6:\"0.4000\";}', 'a:4:{i:82;s:1:\"1\";i:89;s:1:\"1\";i:90;s:1:\"1\";i:94;s:1:\"2\";}', 27, '0.9130', 16),
(161, '2023-06-05', 'a:7:{i:24;s:6:\"0.7460\";i:25;s:6:\"0.6573\";i:23;s:6:\"0.5632\";i:27;s:6:\"0.5148\";i:26;s:6:\"0.3200\";i:28;s:6:\"0.2400\";i:22;s:6:\"0.1600\";}', 'a:3:{i:82;s:1:\"2\";i:90;s:1:\"4\";i:93;s:1:\"1\";}', 24, '0.7460', 16),
(162, '2023-06-05', 'a:7:{i:26;s:6:\"0.8482\";i:27;s:6:\"0.7254\";i:22;s:6:\"0.6480\";i:24;s:6:\"0.5424\";i:23;s:6:\"0.4880\";i:25;s:6:\"0.4016\";i:28;s:6:\"0.2000\";}', 'a:4:{i:82;s:1:\"3\";i:88;s:1:\"2\";i:91;s:1:\"3\";i:100;s:1:\"1\";}', 26, '0.8482', 16),
(163, '2023-06-05', 'a:7:{i:24;s:6:\"0.7460\";i:25;s:6:\"0.6573\";i:23;s:6:\"0.5632\";i:27;s:6:\"0.5148\";i:26;s:6:\"0.3200\";i:28;s:6:\"0.2400\";i:22;s:6:\"0.1600\";}', 'a:3:{i:82;s:1:\"2\";i:90;s:1:\"4\";i:93;s:1:\"1\";}', 24, '0.7460', 16),
(164, '2023-06-05', 'a:7:{i:25;s:6:\"0.8186\";i:24;s:6:\"0.7944\";i:27;s:6:\"0.7729\";i:23;s:6:\"0.6464\";i:28;s:6:\"0.4800\";i:26;s:6:\"0.3200\";i:22;s:6:\"0.1600\";}', 'a:3:{i:82;s:1:\"2\";i:90;s:1:\"2\";i:93;s:1:\"1\";}', 25, '0.8186', 16),
(165, '2023-06-05', 'a:1:{i:28;s:6:\"0.5430\";}', 'a:3:{i:84;s:1:\"2\";i:95;s:1:\"2\";i:99;s:1:\"1\";}', 28, '0.5430', 16),
(166, '2023-06-05', 'a:7:{i:24;s:6:\"0.6976\";i:22;s:6:\"0.6640\";i:26;s:6:\"0.5920\";i:23;s:6:\"0.5840\";i:27;s:6:\"0.5565\";i:28;s:6:\"0.2000\";i:25;s:6:\"0.1600\";}', 'a:3:{i:82;s:1:\"2\";i:98;s:1:\"3\";i:100;s:1:\"1\";}', 24, '0.6976', 16),
(167, '2023-06-05', 'a:3:{i:25;s:6:\"0.5920\";i:26;s:6:\"0.4800\";i:27;s:6:\"0.4800\";}', 'a:2:{i:88;s:1:\"2\";i:93;s:1:\"1\";}', 25, '0.5920', 16),
(168, '2023-06-05', 'a:3:{i:25;s:6:\"0.8640\";i:26;s:6:\"0.4800\";i:27;s:6:\"0.4800\";}', 'a:2:{i:88;s:1:\"2\";i:93;s:1:\"1\";}', 25, '0.8640', 16),
(169, '2023-06-05', 'a:7:{i:24;s:6:\"0.8170\";i:28;s:6:\"0.4000\";i:23;s:6:\"0.3600\";i:26;s:6:\"0.2400\";i:22;s:6:\"0.1200\";i:25;s:6:\"0.1200\";i:27;s:6:\"0.1200\";}', 'a:2:{i:82;s:1:\"3\";i:87;s:1:\"1\";}', 24, '0.8170', 16),
(170, '2023-06-05', 'a:7:{i:24;s:6:\"0.6976\";i:22;s:6:\"0.6640\";i:26;s:6:\"0.5920\";i:23;s:6:\"0.5840\";i:27;s:6:\"0.5565\";i:28;s:6:\"0.2000\";i:25;s:6:\"0.1600\";}', 'a:3:{i:82;s:1:\"2\";i:98;s:1:\"3\";i:100;s:1:\"1\";}', 24, '0.6976', 16),
(171, '2023-06-05', 'a:7:{i:24;s:6:\"0.6976\";i:22;s:6:\"0.6640\";i:27;s:6:\"0.5968\";i:26;s:6:\"0.5920\";i:23;s:6:\"0.5840\";i:28;s:6:\"0.2000\";i:25;s:6:\"0.1600\";}', 'a:3:{i:82;s:1:\"2\";i:98;s:1:\"1\";i:100;s:1:\"1\";}', 24, '0.6976', 16),
(172, '2023-06-05', 'a:7:{i:24;s:6:\"0.6976\";i:22;s:6:\"0.6640\";i:27;s:6:\"0.6170\";i:26;s:6:\"0.5920\";i:23;s:6:\"0.5840\";i:28;s:6:\"0.2000\";i:25;s:6:\"0.1600\";}', 'a:3:{i:82;s:1:\"2\";i:98;s:1:\"3\";i:100;s:1:\"1\";}', 24, '0.6976', 16),
(173, '2023-06-05', 'a:7:{i:24;s:6:\"0.6976\";i:22;s:6:\"0.6640\";i:27;s:6:\"0.6170\";i:26;s:6:\"0.5920\";i:23;s:6:\"0.5840\";i:28;s:6:\"0.2000\";i:25;s:6:\"0.1600\";}', 'a:3:{i:82;s:1:\"2\";i:98;s:1:\"3\";i:100;s:1:\"1\";}', 24, '0.6976', 16),
(174, '2023-06-05', 'a:6:{i:24;s:6:\"0.8400\";i:23;s:6:\"0.6000\";i:26;s:6:\"0.4000\";i:22;s:6:\"0.2000\";i:25;s:6:\"0.2000\";i:27;s:6:\"0.2000\";}', 'a:1:{i:82;s:1:\"1\";}', 24, '0.8400', 16),
(175, '2023-06-05', 'a:6:{i:24;s:6:\"0.6976\";i:23;s:6:\"0.4800\";i:26;s:6:\"0.3200\";i:22;s:6:\"0.1600\";i:25;s:6:\"0.1600\";i:27;s:6:\"0.1600\";}', 'a:1:{i:82;s:1:\"2\";}', 24, '0.6976', 16),
(176, '2023-06-05', 'a:6:{i:24;s:6:\"0.1936\";i:23;s:6:\"0.1200\";i:26;s:6:\"0.0800\";i:22;s:6:\"0.0400\";i:25;s:6:\"0.0400\";i:27;s:6:\"0.0400\";}', 'a:1:{i:82;s:1:\"5\";}', 24, '0.1936', 16),
(177, '2023-06-05', 'a:7:{i:24;s:6:\"0.6976\";i:27;s:6:\"0.6976\";i:22;s:6:\"0.6640\";i:26;s:6:\"0.5920\";i:23;s:6:\"0.5840\";i:28;s:6:\"0.2000\";i:25;s:6:\"0.1600\";}', 'a:3:{i:82;s:1:\"2\";i:98;s:1:\"1\";i:100;s:1:\"1\";}', 24, '0.6976', 16),
(178, '2023-06-06', 'a:7:{i:22;s:6:\"0.6640\";i:27;s:6:\"0.6170\";i:26;s:6:\"0.5920\";i:23;s:6:\"0.5840\";i:28;s:6:\"0.2000\";i:24;s:6:\"0.1600\";i:25;s:6:\"0.1600\";}', 'a:3:{i:82;s:1:\"2\";i:98;s:1:\"3\";i:100;s:1:\"1\";}', 22, '0.6640', 16),
(179, '2023-06-07', 'a:7:{i:22;s:6:\"0.6640\";i:27;s:6:\"0.6170\";i:26;s:6:\"0.5920\";i:23;s:6:\"0.5840\";i:28;s:6:\"0.2000\";i:24;s:6:\"0.1600\";i:25;s:6:\"0.1600\";}', 'a:3:{i:82;s:1:\"2\";i:98;s:1:\"3\";i:100;s:1:\"1\";}', 22, '0.6640', 16),
(180, '2023-06-07', 'a:6:{i:22;s:6:\"1.0000\";i:27;s:6:\"0.8720\";i:23;s:6:\"0.6000\";i:24;s:6:\"0.5200\";i:25;s:6:\"0.5200\";i:26;s:6:\"0.4000\";}', 'a:3:{i:82;s:1:\"1\";i:83;s:1:\"1\";i:89;s:1:\"1\";}', 22, '1.0000', 16),
(183, '2023-06-07', 'a:7:{i:23;s:6:\"0.8560\";i:27;s:6:\"0.8368\";i:26;s:6:\"0.8320\";i:22;s:6:\"0.7920\";i:25;s:6:\"0.4800\";i:24;s:6:\"0.3200\";i:28;s:6:\"0.2000\";}', 'a:3:{i:82;s:1:\"2\";i:98;s:1:\"3\";i:100;s:1:\"1\";}', 23, '0.8560', 16),
(184, '2023-06-07', 'a:7:{i:27;s:6:\"1.0000\";i:23;s:6:\"0.9200\";i:22;s:6:\"0.8400\";i:26;s:6:\"0.8400\";i:25;s:6:\"0.6000\";i:24;s:6:\"0.4000\";i:28;s:6:\"0.2000\";}', 'a:3:{i:82;s:1:\"1\";i:98;s:1:\"1\";i:100;s:1:\"1\";}', 27, '1.0000', 16),
(185, '2023-06-07', 'a:7:{i:26;s:6:\"0.9594\";i:23;s:6:\"0.7920\";i:27;s:6:\"0.7629\";i:22;s:6:\"0.7440\";i:25;s:6:\"0.6672\";i:24;s:6:\"0.6048\";i:28;s:6:\"0.2000\";}', 'a:4:{i:82;s:1:\"3\";i:88;s:1:\"2\";i:91;s:1:\"3\";i:100;s:1:\"1\";}', 26, '0.9594', 16),
(186, '2023-06-07', 'a:7:{i:25;s:6:\"1.0000\";i:23;s:6:\"0.4288\";i:27;s:6:\"0.4288\";i:22;s:6:\"0.2400\";i:28;s:6:\"0.2400\";i:24;s:6:\"0.1600\";i:26;s:6:\"0.0800\";}', 'a:3:{i:82;s:1:\"4\";i:90;s:1:\"4\";i:93;s:1:\"1\";}', 25, '1.0000', 16),
(187, '2023-06-07', 'a:6:{i:25;s:6:\"0.9494\";i:22;s:6:\"0.6672\";i:27;s:6:\"0.6303\";i:23;s:6:\"0.4800\";i:26;s:6:\"0.4016\";i:24;s:6:\"0.2400\";}', 'a:4:{i:82;s:1:\"3\";i:83;s:1:\"3\";i:88;s:1:\"4\";i:93;s:1:\"2\";}', 25, '0.9494', 16),
(188, '2023-06-07', 'a:7:{i:27;s:6:\"0.9693\";i:23;s:6:\"0.9376\";i:24;s:6:\"0.8800\";i:25;s:6:\"0.8400\";i:22;s:6:\"0.7600\";i:28;s:6:\"0.6000\";i:26;s:6:\"0.2000\";}', 'a:4:{i:82;s:1:\"1\";i:89;s:1:\"1\";i:90;s:1:\"1\";i:94;s:1:\"3\";}', 27, '0.9693', 16),
(189, '2023-06-07', 'a:7:{i:25;s:6:\"1.0000\";i:23;s:6:\"0.7552\";i:27;s:6:\"0.7552\";i:22;s:6:\"0.4800\";i:28;s:6:\"0.4800\";i:24;s:6:\"0.3200\";i:26;s:6:\"0.1600\";}', 'a:3:{i:82;s:1:\"2\";i:90;s:1:\"2\";i:93;s:1:\"1\";}', 25, '1.0000', 16),
(190, '2023-06-07', 'a:3:{i:27;s:6:\"0.6400\";i:28;s:6:\"0.4960\";i:23;s:6:\"0.1600\";}', 'a:3:{i:84;s:1:\"2\";i:85;s:1:\"2\";i:99;s:1:\"1\";}', 27, '0.6400', 16),
(191, '2023-06-07', 'a:5:{i:26;s:6:\"0.8000\";i:28;s:6:\"0.7440\";i:22;s:6:\"0.6000\";i:23;s:6:\"0.6000\";i:27;s:6:\"0.4000\";}', 'a:3:{i:84;s:1:\"1\";i:95;s:1:\"3\";i:100;s:1:\"1\";}', 26, '0.8000', 16),
(192, '2023-06-07', 'a:5:{i:26;s:6:\"0.6400\";i:22;s:6:\"0.4800\";i:23;s:6:\"0.4800\";i:28;s:6:\"0.4624\";i:27;s:6:\"0.3200\";}', 'a:3:{i:84;s:1:\"1\";i:95;s:1:\"5\";i:100;s:1:\"2\";}', 26, '0.6400', 16),
(193, '2023-06-07', 'a:1:{i:28;s:6:\"0.9040\";}', 'a:3:{i:84;s:1:\"1\";i:95;s:1:\"2\";i:99;s:1:\"1\";}', 28, '0.9040', 16),
(194, '2023-06-07', 'a:7:{i:23;s:6:\"0.8560\";i:27;s:6:\"0.8368\";i:26;s:6:\"0.8320\";i:22;s:6:\"0.7920\";i:25;s:6:\"0.4800\";i:24;s:6:\"0.3200\";i:28;s:6:\"0.2000\";}', 'a:3:{i:82;s:1:\"2\";i:98;s:1:\"3\";i:100;s:1:\"1\";}', 23, '0.8560', 16),
(195, '2023-06-07', 'a:7:{i:27;s:6:\"1.0000\";i:23;s:6:\"0.9200\";i:22;s:6:\"0.8400\";i:26;s:6:\"0.8400\";i:25;s:6:\"0.6000\";i:24;s:6:\"0.4000\";i:28;s:6:\"0.2000\";}', 'a:3:{i:82;s:1:\"1\";i:98;s:1:\"1\";i:100;s:1:\"1\";}', 27, '1.0000', 16),
(196, '2023-06-07', 'a:3:{i:25;s:6:\"1.0000\";i:26;s:6:\"0.6400\";i:27;s:6:\"0.4800\";}', 'a:2:{i:88;s:1:\"2\";i:93;s:1:\"1\";}', 25, '1.0000', 16),
(197, '2023-06-07', 'a:7:{i:28;s:6:\"0.8000\";i:24;s:6:\"0.6960\";i:23;s:6:\"0.4800\";i:22;s:6:\"0.3600\";i:25;s:6:\"0.3600\";i:27;s:6:\"0.2400\";i:26;s:6:\"0.1200\";}', 'a:2:{i:82;s:1:\"3\";i:87;s:1:\"1\";}', 28, '0.8000', 16),
(198, '2023-06-07', 'a:7:{i:28;s:6:\"0.8000\";i:24;s:6:\"0.7280\";i:23;s:6:\"0.6400\";i:22;s:6:\"0.4800\";i:25;s:6:\"0.4800\";i:27;s:6:\"0.3200\";i:26;s:6:\"0.1600\";}', 'a:2:{i:82;s:1:\"2\";i:87;s:1:\"1\";}', 28, '0.8000', 16),
(199, '2023-06-07', 'a:7:{i:23;s:6:\"0.6400\";i:24;s:6:\"0.5648\";i:22;s:6:\"0.4800\";i:25;s:6:\"0.4800\";i:28;s:6:\"0.4800\";i:27;s:6:\"0.3200\";i:26;s:6:\"0.1600\";}', 'a:2:{i:82;s:1:\"2\";i:87;s:1:\"3\";}', 23, '0.6400', 16),
(200, '2023-06-07', 'a:7:{i:24;s:6:\"0.6464\";i:23;s:6:\"0.6400\";i:28;s:6:\"0.6400\";i:22;s:6:\"0.4800\";i:25;s:6:\"0.4800\";i:27;s:6:\"0.3200\";i:26;s:6:\"0.1600\";}', 'a:2:{i:82;s:1:\"2\";i:87;s:1:\"2\";}', 24, '0.6464', 16),
(201, '2023-06-07', 'a:7:{i:23;s:6:\"0.9328\";i:22;s:6:\"0.8528\";i:26;s:6:\"0.8400\";i:27;s:6:\"0.7846\";i:25;s:6:\"0.6960\";i:24;s:6:\"0.4960\";i:28;s:6:\"0.3920\";}', 'a:4:{i:82;s:1:\"1\";i:89;s:1:\"5\";i:90;s:1:\"4\";i:100;s:1:\"1\";}', 23, '0.9328', 16),
(202, '2023-06-07', 'a:7:{i:23;s:6:\"0.9392\";i:27;s:6:\"0.8802\";i:22;s:6:\"0.8784\";i:26;s:6:\"0.8400\";i:25;s:6:\"0.7440\";i:24;s:6:\"0.6880\";i:28;s:6:\"0.4880\";}', 'a:4:{i:82;s:1:\"1\";i:89;s:1:\"3\";i:90;s:1:\"3\";i:100;s:1:\"1\";}', 23, '0.9392', 16),
(203, '2023-06-07', 'a:7:{i:27;s:6:\"0.8935\";i:23;s:6:\"0.8727\";i:22;s:6:\"0.7945\";i:25;s:6:\"0.7296\";i:26;s:6:\"0.6976\";i:24;s:6:\"0.6464\";i:28;s:6:\"0.5632\";}', 'a:4:{i:82;s:1:\"2\";i:89;s:1:\"3\";i:90;s:1:\"2\";i:100;s:1:\"2\";}', 27, '0.8935', 16),
(204, '2023-06-07', 'a:5:{i:26;s:6:\"0.9626\";i:24;s:6:\"0.6400\";i:25;s:6:\"0.6000\";i:27;s:6:\"0.6000\";i:23;s:6:\"0.4800\";}', 'a:3:{i:86;s:1:\"2\";i:88;s:1:\"1\";i:91;s:1:\"2\";}', 26, '0.9626', 16),
(205, '2023-06-07', 'a:6:{i:25;s:6:\"0.9459\";i:22;s:6:\"0.6672\";i:23;s:6:\"0.6400\";i:24;s:6:\"0.3200\";i:27;s:6:\"0.3200\";i:26;s:6:\"0.1600\";}', 'a:3:{i:82;s:1:\"2\";i:93;s:1:\"2\";i:96;s:1:\"3\";}', 25, '0.9459', 16),
(206, '2023-06-07', 'a:6:{i:23;s:6:\"0.8278\";i:27;s:6:\"0.7041\";i:22;s:6:\"0.4800\";i:25;s:6:\"0.4800\";i:24;s:6:\"0.3200\";i:26;s:6:\"0.1600\";}', 'a:3:{i:82;s:1:\"2\";i:85;s:1:\"4\";i:94;s:1:\"3\";}', 23, '0.8278', 16),
(207, '2023-06-07', 'a:4:{i:25;s:6:\"1.0000\";i:27;s:6:\"0.6400\";i:28;s:6:\"0.4800\";i:23;s:6:\"0.3200\";}', 'a:2:{i:90;s:1:\"2\";i:93;s:1:\"1\";}', 25, '1.0000', 16),
(208, '2023-06-07', 'a:1:{i:28;s:6:\"0.8800\";}', 'a:2:{i:95;s:1:\"2\";i:99;s:1:\"1\";}', 28, '0.8800', 16),
(209, '2023-06-07', 'a:6:{i:27;s:6:\"0.8944\";i:23;s:6:\"0.8000\";i:22;s:6:\"0.6640\";i:25;s:6:\"0.6640\";i:24;s:6:\"0.4000\";i:26;s:6:\"0.2000\";}', 'a:3:{i:82;s:1:\"1\";i:83;s:1:\"5\";i:92;s:1:\"2\";}', 27, '0.8944', 16),
(210, '2023-06-07', 'a:6:{i:27;s:6:\"0.7702\";i:24;s:6:\"0.4800\";i:22;s:6:\"0.3616\";i:25;s:6:\"0.3616\";i:28;s:6:\"0.2400\";i:23;s:6:\"0.1600\";}', 'a:4:{i:83;s:1:\"5\";i:89;s:1:\"3\";i:90;s:1:\"4\";i:98;s:1:\"4\";}', 27, '0.7702', 16),
(211, '2023-06-07', 'a:6:{i:27;s:6:\"0.9434\";i:24;s:6:\"0.8000\";i:22;s:6:\"0.7840\";i:25;s:6:\"0.7264\";i:28;s:6:\"0.2400\";i:23;s:6:\"0.1600\";}', 'a:4:{i:83;s:1:\"2\";i:89;s:1:\"1\";i:90;s:1:\"4\";i:98;s:1:\"3\";}', 27, '0.9434', 16),
(212, '2023-06-07', 'a:6:{i:27;s:6:\"0.9453\";i:23;s:6:\"0.5632\";i:22;s:6:\"0.3600\";i:25;s:6:\"0.3600\";i:24;s:6:\"0.2400\";i:26;s:6:\"0.1200\";}', 'a:3:{i:82;s:1:\"3\";i:85;s:1:\"2\";i:92;s:1:\"2\";}', 27, '0.9453', 16),
(213, '2023-06-07', 'a:6:{i:24;s:6:\"0.9568\";i:23;s:6:\"0.8000\";i:22;s:6:\"0.7280\";i:27;s:6:\"0.6880\";i:26;s:6:\"0.6800\";i:25;s:6:\"0.6000\";}', 'a:3:{i:82;s:1:\"1\";i:89;s:1:\"2\";i:91;s:1:\"1\";}', 24, '0.9568', 16),
(214, '2023-06-07', 'a:7:{i:23;s:6:\"0.8911\";i:27;s:6:\"0.7596\";i:25;s:6:\"0.6048\";i:22;s:6:\"0.4800\";i:24;s:6:\"0.3200\";i:28;s:6:\"0.2400\";i:26;s:6:\"0.1600\";}', 'a:3:{i:82;s:1:\"2\";i:90;s:1:\"4\";i:94;s:1:\"2\";}', 23, '0.8911', 16),
(215, '2023-06-07', 'a:5:{i:27;s:6:\"0.8960\";i:23;s:6:\"0.7254\";i:26;s:6:\"0.6400\";i:25;s:6:\"0.6000\";i:28;s:6:\"0.6000\";}', 'a:3:{i:85;s:1:\"3\";i:86;s:1:\"2\";i:90;s:1:\"1\";}', 27, '0.8960', 16),
(216, '2023-06-07', 'a:5:{i:27;s:6:\"0.7552\";i:23;s:6:\"0.6747\";i:26;s:6:\"0.6400\";i:25;s:6:\"0.4800\";i:28;s:6:\"0.4800\";}', 'a:3:{i:85;s:1:\"4\";i:86;s:1:\"2\";i:90;s:1:\"2\";}', 27, '0.7552', 16),
(217, '2023-06-07', 'a:5:{i:27;s:6:\"0.8128\";i:26;s:6:\"0.8000\";i:23;s:6:\"0.7446\";i:25;s:6:\"0.3600\";i:28;s:6:\"0.3600\";}', 'a:3:{i:85;s:1:\"2\";i:86;s:1:\"1\";i:90;s:1:\"3\";}', 27, '0.8128', 16),
(218, '2023-06-07', 'a:5:{i:27;s:6:\"0.8640\";i:23;s:6:\"0.7130\";i:26;s:6:\"0.6400\";i:25;s:6:\"0.6000\";i:28;s:6:\"0.6000\";}', 'a:3:{i:85;s:1:\"4\";i:86;s:1:\"2\";i:90;s:1:\"1\";}', 27, '0.8640', 16),
(219, '2023-06-07', 'a:5:{i:27;s:6:\"0.8320\";i:23;s:6:\"0.5290\";i:26;s:6:\"0.4800\";i:25;s:6:\"0.1200\";i:28;s:6:\"0.1200\";}', 'a:3:{i:85;s:1:\"1\";i:86;s:1:\"3\";i:90;s:1:\"5\";}', 27, '0.8320', 16),
(220, '2023-06-07', 'a:5:{i:23;s:6:\"0.8577\";i:27;s:6:\"0.7296\";i:26;s:6:\"0.6400\";i:25;s:6:\"0.3600\";i:28;s:6:\"0.3600\";}', 'a:3:{i:86;s:1:\"2\";i:90;s:1:\"3\";i:94;s:1:\"2\";}', 23, '0.8577', 16),
(221, '2023-06-07', 'a:7:{i:25;s:6:\"0.9095\";i:23;s:6:\"0.8480\";i:22;s:6:\"0.8259\";i:27;s:6:\"0.7629\";i:24;s:6:\"0.4000\";i:28;s:6:\"0.3600\";i:26;s:6:\"0.2000\";}', 'a:4:{i:82;s:1:\"1\";i:83;s:1:\"4\";i:90;s:1:\"3\";i:96;s:1:\"3\";}', 25, '0.9095', 16),
(222, '2023-06-07', 'a:4:{i:25;s:6:\"0.9130\";i:26;s:6:\"0.4800\";i:27;s:6:\"0.3600\";i:22;s:6:\"0.2400\";}', 'a:3:{i:88;s:1:\"3\";i:93;s:1:\"2\";i:96;s:1:\"4\";}', 25, '0.9130', 16),
(223, '2023-06-07', 'a:6:{i:25;s:6:\"1.0000\";i:27;s:6:\"0.6672\";i:26;s:6:\"0.4800\";i:28;s:6:\"0.3600\";i:22;s:6:\"0.2400\";i:23;s:6:\"0.2400\";}', 'a:4:{i:88;s:1:\"3\";i:90;s:1:\"3\";i:93;s:1:\"1\";i:96;s:1:\"4\";}', 25, '1.0000', 16),
(224, '2023-06-07', 'a:6:{i:26;s:6:\"0.9210\";i:23;s:6:\"0.7440\";i:22;s:6:\"0.6000\";i:27;s:6:\"0.4000\";i:24;s:6:\"0.3200\";i:28;s:6:\"0.2000\";}', 'a:3:{i:86;s:1:\"3\";i:91;s:1:\"4\";i:100;s:1:\"1\";}', 26, '0.9210', 16),
(225, '2023-06-07', 'a:7:{i:27;s:6:\"0.9336\";i:24;s:6:\"0.6400\";i:25;s:6:\"0.3312\";i:22;s:6:\"0.3200\";i:26;s:6:\"0.3200\";i:28;s:6:\"0.1200\";i:23;s:6:\"0.0800\";}', 'a:4:{i:88;s:1:\"4\";i:89;s:1:\"2\";i:90;s:1:\"5\";i:92;s:1:\"2\";}', 27, '0.9336', 16),
(226, '2023-06-07', 'a:6:{i:25;s:6:\"1.0000\";i:26;s:6:\"0.6832\";i:27;s:6:\"0.6048\";i:23;s:6:\"0.4800\";i:22;s:6:\"0.3600\";i:24;s:6:\"0.2400\";}', 'a:3:{i:82;s:1:\"3\";i:88;s:1:\"2\";i:93;s:1:\"1\";}', 25, '1.0000', 16),
(227, '2023-06-07', 'a:2:{i:25;s:6:\"0.9280\";i:22;s:6:\"0.4800\";}', 'a:2:{i:93;s:1:\"2\";i:96;s:1:\"2\";}', 25, '0.9280', 16),
(228, '2023-06-07', 'a:6:{i:24;s:6:\"0.8749\";i:27;s:6:\"0.6320\";i:22;s:6:\"0.4720\";i:26;s:6:\"0.2704\";i:23;s:6:\"0.1600\";i:25;s:6:\"0.1200\";}', 'a:3:{i:82;s:1:\"5\";i:89;s:1:\"1\";i:91;s:1:\"4\";}', 24, '0.8749', 16),
(229, '2023-06-07', 'a:5:{i:26;s:6:\"0.9293\";i:24;s:6:\"0.6400\";i:23;s:6:\"0.6000\";i:25;s:6:\"0.2400\";i:27;s:6:\"0.2400\";}', 'a:3:{i:86;s:1:\"1\";i:88;s:1:\"4\";i:91;s:1:\"2\";}', 26, '0.9293', 16),
(230, '2023-06-07', 'a:6:{i:26;s:6:\"0.9126\";i:23;s:6:\"0.6480\";i:24;s:6:\"0.6400\";i:22;s:6:\"0.6000\";i:27;s:6:\"0.4000\";i:28;s:6:\"0.2000\";}', 'a:3:{i:86;s:1:\"5\";i:91;s:1:\"2\";i:100;s:1:\"1\";}', 26, '0.9126', 16),
(231, '2023-06-07', 'a:2:{i:27;s:6:\"0.9168\";i:23;s:6:\"0.6400\";}', 'a:3:{i:92;s:1:\"2\";i:94;s:1:\"2\";i:98;s:1:\"5\";}', 27, '0.9168', 16),
(232, '2023-06-07', 'a:7:{i:23;s:6:\"0.8960\";i:22;s:6:\"0.8253\";i:26;s:6:\"0.7120\";i:25;s:6:\"0.6640\";i:27;s:6:\"0.6410\";i:24;s:6:\"0.4000\";i:28;s:6:\"0.1600\";}', 'a:3:{i:82;s:1:\"1\";i:83;s:1:\"5\";i:100;s:1:\"2\";}', 23, '0.8960', 16),
(233, '2023-06-07', 'a:7:{i:22;s:6:\"0.8594\";i:23;s:6:\"0.8128\";i:25;s:6:\"0.7296\";i:27;s:6:\"0.7041\";i:26;s:6:\"0.6976\";i:24;s:6:\"0.3200\";i:28;s:6:\"0.1600\";}', 'a:3:{i:82;s:1:\"2\";i:83;s:1:\"3\";i:100;s:1:\"2\";}', 22, '0.8594', 16),
(234, '2023-06-07', 'a:7:{i:22;s:6:\"0.9296\";i:25;s:6:\"0.9200\";i:23;s:6:\"0.8240\";i:27;s:6:\"0.7792\";i:24;s:6:\"0.4000\";i:26;s:6:\"0.3280\";i:28;s:6:\"0.0400\";}', 'a:3:{i:82;s:1:\"1\";i:83;s:1:\"1\";i:100;s:1:\"5\";}', 22, '0.9296', 16),
(235, '2023-06-07', 'a:6:{i:23;s:6:\"0.8000\";i:22;s:6:\"0.7920\";i:25;s:6:\"0.7920\";i:27;s:6:\"0.6160\";i:24;s:6:\"0.4000\";i:26;s:6:\"0.2000\";}', 'a:2:{i:82;s:1:\"1\";i:83;s:1:\"3\";}', 23, '0.8000', 16),
(236, '2023-06-07', 'a:7:{i:23;s:6:\"0.8960\";i:22;s:6:\"0.8253\";i:26;s:6:\"0.7120\";i:25;s:6:\"0.6640\";i:27;s:6:\"0.6410\";i:24;s:6:\"0.4000\";i:28;s:6:\"0.1600\";}', 'a:3:{i:82;s:1:\"1\";i:83;s:1:\"5\";i:100;s:1:\"2\";}', 23, '0.8960', 16),
(237, '2023-06-07', 'a:5:{i:24;s:6:\"0.9334\";i:26;s:6:\"0.6000\";i:28;s:6:\"0.4800\";i:27;s:6:\"0.3600\";i:22;s:6:\"0.2400\";}', 'a:3:{i:87;s:1:\"3\";i:89;s:1:\"3\";i:91;s:1:\"1\";}', 24, '0.9334', 16),
(238, '2023-06-07', 'a:6:{i:23;s:6:\"0.9280\";i:27;s:6:\"0.7804\";i:22;s:6:\"0.6640\";i:25;s:6:\"0.6640\";i:24;s:6:\"0.4000\";i:26;s:6:\"0.2000\";}', 'a:4:{i:82;s:1:\"1\";i:83;s:1:\"5\";i:92;s:1:\"5\";i:94;s:1:\"2\";}', 23, '0.9280', 16),
(239, '2023-06-07', 'a:6:{i:25;s:6:\"0.9584\";i:23;s:6:\"0.8000\";i:22;s:6:\"0.7920\";i:27;s:6:\"0.7696\";i:24;s:6:\"0.4000\";i:26;s:6:\"0.2000\";}', 'a:4:{i:82;s:1:\"1\";i:83;s:1:\"3\";i:92;s:1:\"4\";i:93;s:1:\"2\";}', 25, '0.9584', 16),
(240, '2023-06-07', 'a:6:{i:27;s:6:\"0.9526\";i:23;s:6:\"0.8640\";i:22;s:6:\"0.8560\";i:25;s:6:\"0.8560\";i:24;s:6:\"0.4000\";i:26;s:6:\"0.2000\";}', 'a:4:{i:82;s:1:\"1\";i:83;s:1:\"2\";i:92;s:1:\"2\";i:94;s:1:\"4\";}', 27, '0.9526', 16),
(241, '2023-06-07', 'a:4:{i:27;s:6:\"0.9334\";i:23;s:6:\"0.6838\";i:25;s:6:\"0.3600\";i:28;s:6:\"0.3600\";}', 'a:3:{i:85;s:1:\"1\";i:90;s:1:\"3\";i:94;s:1:\"3\";}', 27, '0.9334', 16),
(242, '2023-06-07', 'a:5:{i:23;s:6:\"0.8560\";i:26;s:6:\"0.8000\";i:27;s:6:\"0.6880\";i:22;s:6:\"0.6000\";i:28;s:6:\"0.2000\";}', 'a:2:{i:94;s:1:\"2\";i:100;s:1:\"1\";}', 23, '0.8560', 16),
(243, '2023-06-07', 'a:7:{i:28;s:6:\"0.8000\";i:24;s:6:\"0.6960\";i:23;s:6:\"0.4800\";i:22;s:6:\"0.3600\";i:25;s:6:\"0.3600\";i:27;s:6:\"0.2400\";i:26;s:6:\"0.1200\";}', 'a:2:{i:82;s:1:\"3\";i:87;s:1:\"1\";}', 28, '0.8000', 16),
(244, '2023-06-07', 'a:7:{i:23;s:6:\"0.8000\";i:24;s:6:\"0.6880\";i:28;s:6:\"0.6400\";i:22;s:6:\"0.6000\";i:25;s:6:\"0.6000\";i:27;s:6:\"0.4000\";i:26;s:6:\"0.2000\";}', 'a:2:{i:82;s:1:\"1\";i:87;s:1:\"2\";}', 23, '0.8000', 16),
(245, '2023-06-07', 'a:7:{i:28;s:6:\"0.8000\";i:23;s:6:\"0.8000\";i:24;s:6:\"0.7600\";i:22;s:6:\"0.6000\";i:25;s:6:\"0.6000\";i:27;s:6:\"0.4000\";i:26;s:6:\"0.2000\";}', 'a:2:{i:82;s:1:\"1\";i:87;s:1:\"1\";}', 28, '0.8000', 16),
(246, '2023-06-07', 'a:7:{i:23;s:6:\"0.8000\";i:24;s:6:\"0.6880\";i:28;s:6:\"0.6400\";i:22;s:6:\"0.6000\";i:25;s:6:\"0.6000\";i:27;s:6:\"0.4000\";i:26;s:6:\"0.2000\";}', 'a:2:{i:82;s:1:\"1\";i:87;s:1:\"2\";}', 23, '0.8000', 16),
(247, '2023-06-07', 'a:7:{i:28;s:6:\"0.4800\";i:24;s:6:\"0.4624\";i:23;s:6:\"0.3200\";i:22;s:6:\"0.2400\";i:25;s:6:\"0.2400\";i:27;s:6:\"0.1600\";i:26;s:6:\"0.0800\";}', 'a:2:{i:82;s:1:\"4\";i:87;s:1:\"3\";}', 28, '0.4800', 16),
(248, '2023-06-07', 'a:7:{i:24;s:6:\"0.6464\";i:23;s:6:\"0.6400\";i:28;s:6:\"0.6400\";i:22;s:6:\"0.4800\";i:25;s:6:\"0.4800\";i:27;s:6:\"0.3200\";i:26;s:6:\"0.1600\";}', 'a:2:{i:82;s:1:\"2\";i:87;s:1:\"2\";}', 24, '0.6464', 16),
(249, '2023-06-07', 'a:5:{i:26;s:6:\"0.9130\";i:25;s:6:\"0.6000\";i:27;s:6:\"0.6000\";i:24;s:6:\"0.4800\";i:23;s:6:\"0.2400\";}', 'a:3:{i:86;s:1:\"4\";i:88;s:1:\"1\";i:91;s:1:\"3\";}', 26, '0.9130', 16),
(250, '2023-06-07', 'a:4:{i:28;s:6:\"0.6518\";i:27;s:6:\"0.4800\";i:25;s:6:\"0.3600\";i:23;s:6:\"0.2400\";}', 'a:3:{i:84;s:1:\"1\";i:90;s:1:\"3\";i:99;s:1:\"2\";}', 28, '0.6518', 16),
(251, '2023-06-07', 'a:4:{i:28;s:6:\"0.7504\";i:27;s:6:\"0.6400\";i:25;s:6:\"0.4800\";i:23;s:6:\"0.3200\";}', 'a:3:{i:84;s:1:\"1\";i:90;s:1:\"2\";i:99;s:1:\"1\";}', 28, '0.7504', 16),
(252, '2023-06-07', 'a:4:{i:28;s:6:\"0.8080\";i:27;s:6:\"0.8000\";i:25;s:6:\"0.6000\";i:23;s:6:\"0.4000\";}', 'a:3:{i:84;s:1:\"1\";i:90;s:1:\"1\";i:99;s:1:\"1\";}', 28, '0.8080', 16),
(253, '2023-06-07', 'a:6:{i:23;s:6:\"0.8000\";i:25;s:6:\"0.7920\";i:26;s:6:\"0.7466\";i:27;s:6:\"0.6880\";i:22;s:6:\"0.6000\";i:24;s:6:\"0.4960\";}', 'a:3:{i:82;s:1:\"1\";i:88;s:1:\"2\";i:91;s:1:\"5\";}', 23, '0.8000', 16),
(254, '2023-06-07', 'a:6:{i:26;s:6:\"0.8502\";i:23;s:6:\"0.8000\";i:25;s:6:\"0.7920\";i:24;s:6:\"0.7840\";i:27;s:6:\"0.6880\";i:22;s:6:\"0.6000\";}', 'a:3:{i:82;s:1:\"1\";i:88;s:1:\"2\";i:91;s:1:\"2\";}', 26, '0.8502', 16),
(255, '2023-06-07', 'a:6:{i:26;s:6:\"0.7264\";i:22;s:6:\"0.4800\";i:23;s:6:\"0.4800\";i:24;s:6:\"0.3200\";i:27;s:6:\"0.3200\";i:28;s:6:\"0.1600\";}', 'a:2:{i:91;s:1:\"4\";i:100;s:1:\"2\";}', 26, '0.7264', 16),
(256, '2023-06-07', 'a:5:{i:26;s:6:\"0.6400\";i:28;s:6:\"0.5968\";i:22;s:6:\"0.4800\";i:23;s:6:\"0.4800\";i:27;s:6:\"0.3200\";}', 'a:3:{i:84;s:1:\"1\";i:99;s:1:\"1\";i:100;s:1:\"2\";}', 26, '0.6400', 16),
(257, '2023-06-07', 'a:5:{i:26;s:6:\"0.8000\";i:28;s:6:\"0.6160\";i:22;s:6:\"0.6000\";i:23;s:6:\"0.6000\";i:27;s:6:\"0.4000\";}', 'a:3:{i:84;s:1:\"1\";i:99;s:1:\"1\";i:100;s:1:\"1\";}', 26, '0.8000', 16),
(258, '2023-06-07', 'a:5:{i:28;s:6:\"0.5584\";i:26;s:6:\"0.3200\";i:22;s:6:\"0.2400\";i:23;s:6:\"0.2400\";i:27;s:6:\"0.1600\";}', 'a:3:{i:84;s:1:\"1\";i:99;s:1:\"1\";i:100;s:1:\"4\";}', 28, '0.5584', 16),
(259, '2023-06-07', 'a:5:{i:28;s:6:\"0.5392\";i:26;s:6:\"0.1600\";i:22;s:6:\"0.1200\";i:23;s:6:\"0.1200\";i:27;s:6:\"0.0800\";}', 'a:3:{i:84;s:1:\"1\";i:99;s:1:\"1\";i:100;s:1:\"5\";}', 28, '0.5392', 16),
(260, '2023-06-07', 'a:5:{i:26;s:6:\"0.6400\";i:28;s:6:\"0.5968\";i:22;s:6:\"0.4800\";i:23;s:6:\"0.4800\";i:27;s:6:\"0.3200\";}', 'a:3:{i:84;s:1:\"1\";i:99;s:1:\"1\";i:100;s:1:\"2\";}', 26, '0.6400', 16),
(261, '2023-06-07', 'a:5:{i:28;s:6:\"0.5776\";i:26;s:6:\"0.4800\";i:22;s:6:\"0.3600\";i:23;s:6:\"0.3600\";i:27;s:6:\"0.2400\";}', 'a:3:{i:84;s:1:\"1\";i:99;s:1:\"1\";i:100;s:1:\"3\";}', 28, '0.5776', 16),
(262, '2023-06-07', 'a:6:{i:25;s:6:\"0.8876\";i:27;s:6:\"0.3616\";i:26;s:6:\"0.3200\";i:22;s:6:\"0.1200\";i:28;s:6:\"0.1200\";i:23;s:6:\"0.0800\";}', 'a:4:{i:88;s:1:\"4\";i:90;s:1:\"5\";i:93;s:1:\"2\";i:96;s:1:\"5\";}', 25, '0.8876', 16),
(263, '2023-06-07', 'a:2:{i:25;s:6:\"0.9280\";i:22;s:6:\"0.4800\";}', 'a:2:{i:93;s:1:\"2\";i:96;s:1:\"2\";}', 25, '0.9280', 16),
(264, '2023-06-07', 'a:5:{i:24;s:6:\"0.9334\";i:26;s:6:\"0.6000\";i:28;s:6:\"0.4800\";i:27;s:6:\"0.3600\";i:22;s:6:\"0.2400\";}', 'a:3:{i:87;s:1:\"3\";i:89;s:1:\"3\";i:91;s:1:\"1\";}', 24, '0.9334', 16),
(265, '2023-06-07', 'a:7:{i:25;s:6:\"0.8538\";i:23;s:6:\"0.8480\";i:22;s:6:\"0.7446\";i:27;s:6:\"0.7254\";i:24;s:6:\"0.4000\";i:28;s:6:\"0.3600\";i:26;s:6:\"0.2000\";}', 'a:4:{i:82;s:1:\"1\";i:83;s:1:\"5\";i:90;s:1:\"3\";i:96;s:1:\"4\";}', 25, '0.8538', 16),
(266, '2023-06-07', 'a:7:{i:28;s:6:\"0.8000\";i:24;s:6:\"0.6960\";i:23;s:6:\"0.4800\";i:22;s:6:\"0.3600\";i:25;s:6:\"0.3600\";i:27;s:6:\"0.2400\";i:26;s:6:\"0.1200\";}', 'a:2:{i:82;s:1:\"3\";i:87;s:1:\"1\";}', 28, '0.8000', 16),
(267, '2023-06-07', 'a:7:{i:23;s:6:\"0.8000\";i:24;s:6:\"0.6160\";i:22;s:6:\"0.6000\";i:25;s:6:\"0.6000\";i:28;s:6:\"0.4800\";i:27;s:6:\"0.4000\";i:26;s:6:\"0.2000\";}', 'a:2:{i:82;s:1:\"1\";i:87;s:1:\"3\";}', 23, '0.8000', 16),
(268, '2023-06-07', 'a:7:{i:24;s:6:\"0.6464\";i:23;s:6:\"0.6400\";i:28;s:6:\"0.6400\";i:22;s:6:\"0.4800\";i:25;s:6:\"0.4800\";i:27;s:6:\"0.3200\";i:26;s:6:\"0.1600\";}', 'a:2:{i:82;s:1:\"2\";i:87;s:1:\"2\";}', 24, '0.6464', 16),
(269, '2023-06-07', 'a:6:{i:25;s:6:\"1.0000\";i:23;s:6:\"0.4800\";i:27;s:6:\"0.4224\";i:26;s:6:\"0.4016\";i:22;s:6:\"0.3600\";i:24;s:6:\"0.2400\";}', 'a:3:{i:82;s:1:\"3\";i:88;s:1:\"4\";i:93;s:1:\"1\";}', 25, '1.0000', 16),
(270, '2023-06-07', 'a:4:{i:25;s:6:\"0.9280\";i:22;s:6:\"0.4800\";i:28;s:6:\"0.3200\";i:24;s:6:\"0.2400\";}', 'a:3:{i:87;s:1:\"4\";i:93;s:1:\"2\";i:96;s:1:\"2\";}', 25, '0.9280', 16),
(271, '2023-06-07', 'a:4:{i:24;s:6:\"0.9280\";i:27;s:6:\"0.6000\";i:26;s:6:\"0.4800\";i:22;s:6:\"0.4000\";}', 'a:2:{i:89;s:1:\"1\";i:91;s:1:\"2\";}', 24, '0.9280', 16),
(272, '2023-06-07', 'a:7:{i:26;s:6:\"0.9594\";i:23;s:6:\"0.7920\";i:27;s:6:\"0.7629\";i:22;s:6:\"0.7440\";i:25;s:6:\"0.6672\";i:24;s:6:\"0.6048\";i:28;s:6:\"0.2000\";}', 'a:4:{i:82;s:1:\"3\";i:88;s:1:\"2\";i:91;s:1:\"3\";i:100;s:1:\"1\";}', 26, '0.9594', 16),
(273, '2023-06-07', 'a:7:{i:25;s:6:\"1.0000\";i:23;s:6:\"0.4288\";i:27;s:6:\"0.4288\";i:22;s:6:\"0.2400\";i:28;s:6:\"0.2400\";i:24;s:6:\"0.1600\";i:26;s:6:\"0.0800\";}', 'a:3:{i:82;s:1:\"4\";i:90;s:1:\"4\";i:93;s:1:\"1\";}', 25, '1.0000', 16),
(274, '2023-06-07', 'a:6:{i:25;s:6:\"1.0000\";i:22;s:6:\"0.6672\";i:27;s:6:\"0.6303\";i:23;s:6:\"0.4800\";i:26;s:6:\"0.4016\";i:24;s:6:\"0.2400\";}', 'a:4:{i:82;s:1:\"3\";i:83;s:1:\"3\";i:88;s:1:\"4\";i:93;s:1:\"1\";}', 25, '1.0000', 16),
(275, '2023-06-07', 'a:6:{i:23;s:6:\"0.9280\";i:27;s:6:\"0.8902\";i:22;s:6:\"0.6640\";i:25;s:6:\"0.6640\";i:24;s:6:\"0.4000\";i:26;s:6:\"0.2000\";}', 'a:4:{i:82;s:1:\"1\";i:83;s:1:\"5\";i:92;s:1:\"3\";i:94;s:1:\"2\";}', 23, '0.9280', 16),
(276, '2023-06-07', 'a:6:{i:27;s:6:\"0.9201\";i:23;s:6:\"0.8960\";i:22;s:6:\"0.8560\";i:25;s:6:\"0.8560\";i:24;s:6:\"0.4000\";i:26;s:6:\"0.2000\";}', 'a:4:{i:82;s:1:\"1\";i:83;s:1:\"2\";i:92;s:1:\"3\";i:94;s:1:\"3\";}', 27, '0.9201', 16),
(277, '2023-06-07', 'a:6:{i:26;s:6:\"0.8960\";i:24;s:6:\"0.6400\";i:22;s:6:\"0.6000\";i:23;s:6:\"0.6000\";i:27;s:6:\"0.4000\";i:28;s:6:\"0.2000\";}', 'a:2:{i:91;s:1:\"2\";i:100;s:1:\"1\";}', 26, '0.8960', 16),
(278, '2023-06-07', 'a:4:{i:25;s:6:\"0.9600\";i:22;s:6:\"0.6000\";i:28;s:6:\"0.4800\";i:24;s:6:\"0.3600\";}', 'a:3:{i:87;s:1:\"3\";i:93;s:1:\"2\";i:96;s:1:\"1\";}', 25, '0.9600', 16),
(279, '2023-06-07', 'a:7:{i:27;s:6:\"0.9562\";i:23;s:6:\"0.8640\";i:24;s:6:\"0.8000\";i:25;s:6:\"0.6048\";i:28;s:6:\"0.4800\";i:22;s:6:\"0.4000\";i:26;s:6:\"0.3200\";}', 'a:4:{i:88;s:1:\"4\";i:89;s:1:\"1\";i:90;s:1:\"2\";i:94;s:1:\"1\";}', 27, '0.9562', 16),
(280, '2023-06-07', 'a:6:{i:25;s:6:\"1.0000\";i:27;s:6:\"0.7296\";i:26;s:6:\"0.6400\";i:28;s:6:\"0.3600\";i:22;s:6:\"0.2400\";i:23;s:6:\"0.2400\";}', 'a:4:{i:88;s:1:\"2\";i:90;s:1:\"3\";i:93;s:1:\"1\";i:96;s:1:\"4\";}', 25, '1.0000', 16),
(281, '2023-06-07', 'a:6:{i:25;s:6:\"0.9095\";i:27;s:6:\"0.7696\";i:26;s:6:\"0.4800\";i:28;s:6:\"0.4800\";i:23;s:6:\"0.3200\";i:22;s:6:\"0.2400\";}', 'a:4:{i:88;s:1:\"3\";i:90;s:1:\"2\";i:93;s:1:\"3\";i:96;s:1:\"4\";}', 25, '0.9095', 16),
(282, '2023-06-07', 'a:2:{i:25;s:6:\"1.0000\";i:22;s:6:\"0.3600\";}', 'a:2:{i:93;s:1:\"1\";i:96;s:1:\"3\";}', 25, '1.0000', 16),
(283, '2023-06-07', 'a:6:{i:23;s:6:\"0.9280\";i:27;s:6:\"0.9201\";i:22;s:6:\"0.7920\";i:25;s:6:\"0.7920\";i:24;s:6:\"0.4000\";i:26;s:6:\"0.2000\";}', 'a:4:{i:82;s:1:\"1\";i:83;s:1:\"3\";i:92;s:1:\"3\";i:94;s:1:\"2\";}', 23, '0.9280', 16),
(284, '2023-06-07', 'a:6:{i:27;s:6:\"0.9443\";i:23;s:6:\"0.8128\";i:22;s:6:\"0.7296\";i:25;s:6:\"0.7296\";i:24;s:6:\"0.3200\";i:26;s:6:\"0.1600\";}', 'a:4:{i:82;s:1:\"2\";i:83;s:1:\"3\";i:92;s:1:\"2\";i:94;s:1:\"3\";}', 27, '0.9443', 16),
(285, '2023-06-07', 'a:6:{i:27;s:6:\"0.8586\";i:22;s:6:\"0.8128\";i:25;s:6:\"0.8128\";i:23;s:6:\"0.6400\";i:24;s:6:\"0.3200\";i:26;s:6:\"0.1600\";}', 'a:3:{i:82;s:1:\"2\";i:83;s:1:\"2\";i:92;s:1:\"3\";}', 27, '0.8586', 16),
(286, '2023-06-07', 'a:6:{i:27;s:6:\"0.9700\";i:25;s:6:\"0.8128\";i:24;s:6:\"0.8000\";i:22;s:6:\"0.7840\";i:28;s:6:\"0.4800\";i:23;s:6:\"0.3200\";}', 'a:4:{i:83;s:1:\"2\";i:89;s:1:\"1\";i:90;s:1:\"2\";i:98;s:1:\"3\";}', 27, '0.9700', 16),
(287, '2023-06-07', 'a:7:{i:27;s:6:\"0.5440\";i:23;s:6:\"0.4800\";i:28;s:6:\"0.4000\";i:22;s:6:\"0.3600\";i:25;s:6:\"0.3600\";i:24;s:6:\"0.2400\";i:26;s:6:\"0.1200\";}', 'a:3:{i:82;s:1:\"3\";i:92;s:1:\"4\";i:95;s:1:\"4\";}', 27, '0.5440', 16),
(288, '2023-06-07', 'a:7:{i:28;s:6:\"0.8000\";i:27;s:6:\"0.7280\";i:23;s:6:\"0.6400\";i:22;s:6:\"0.4800\";i:25;s:6:\"0.4800\";i:24;s:6:\"0.3200\";i:26;s:6:\"0.1600\";}', 'a:3:{i:82;s:1:\"2\";i:92;s:1:\"3\";i:95;s:1:\"2\";}', 28, '0.8000', 16),
(289, '2023-06-07', 'a:7:{i:27;s:6:\"0.8480\";i:28;s:6:\"0.8000\";i:23;s:6:\"0.4800\";i:22;s:6:\"0.3600\";i:25;s:6:\"0.3600\";i:24;s:6:\"0.2400\";i:26;s:6:\"0.1200\";}', 'a:3:{i:82;s:1:\"3\";i:92;s:1:\"2\";i:95;s:1:\"2\";}', 27, '0.8480', 16),
(290, '2023-06-07', 'a:7:{i:27;s:6:\"0.8640\";i:28;s:6:\"0.8000\";i:23;s:6:\"0.6400\";i:22;s:6:\"0.4800\";i:25;s:6:\"0.4800\";i:24;s:6:\"0.3200\";i:26;s:6:\"0.1600\";}', 'a:3:{i:82;s:1:\"2\";i:92;s:1:\"2\";i:95;s:1:\"2\";}', 27, '0.8640', 16),
(291, '2023-06-07', 'a:5:{i:23;s:6:\"0.8560\";i:26;s:6:\"0.8000\";i:27;s:6:\"0.6880\";i:22;s:6:\"0.6000\";i:28;s:6:\"0.2000\";}', 'a:2:{i:94;s:1:\"2\";i:100;s:1:\"1\";}', 23, '0.8560', 16),
(292, '2023-06-07', 'a:2:{i:27;s:6:\"0.8400\";i:23;s:6:\"0.8000\";}', 'a:2:{i:92;s:1:\"3\";i:94;s:1:\"1\";}', 27, '0.8400', 16),
(293, '2023-06-07', 'a:2:{i:27;s:6:\"0.8720\";i:23;s:6:\"0.4800\";}', 'a:2:{i:92;s:1:\"2\";i:94;s:1:\"3\";}', 27, '0.8720', 16),
(294, '2023-06-07', 'a:7:{i:27;s:6:\"0.9183\";i:28;s:6:\"0.8240\";i:23;s:6:\"0.8010\";i:24;s:6:\"0.6960\";i:25;s:6:\"0.4368\";i:22;s:6:\"0.3600\";i:26;s:6:\"0.1200\";}', 'a:5:{i:82;s:1:\"3\";i:85;s:1:\"1\";i:87;s:1:\"1\";i:90;s:1:\"5\";i:94;s:1:\"3\";}', 27, '0.9183', 16),
(295, '2023-06-07', 'a:7:{i:27;s:6:\"0.9370\";i:28;s:6:\"0.8960\";i:23;s:6:\"0.8455\";i:24;s:6:\"0.6960\";i:25;s:6:\"0.6672\";i:22;s:6:\"0.3600\";i:26;s:6:\"0.1200\";}', 'a:5:{i:82;s:1:\"3\";i:85;s:1:\"2\";i:87;s:1:\"1\";i:90;s:1:\"2\";i:94;s:1:\"3\";}', 27, '0.9370', 16),
(296, '2023-06-07', 'a:7:{i:28;s:6:\"0.8720\";i:23;s:6:\"0.7945\";i:27;s:6:\"0.7471\";i:24;s:6:\"0.6960\";i:25;s:6:\"0.5904\";i:22;s:6:\"0.3600\";i:26;s:6:\"0.1200\";}', 'a:4:{i:82;s:1:\"3\";i:87;s:1:\"1\";i:90;s:1:\"3\";i:94;s:1:\"3\";}', 28, '0.8720', 16),
(297, '2023-06-07', 'a:7:{i:27;s:6:\"0.9589\";i:24;s:6:\"0.8906\";i:23;s:6:\"0.8502\";i:28;s:6:\"0.8000\";i:22;s:6:\"0.5648\";i:25;s:6:\"0.3600\";i:26;s:6:\"0.1200\";}', 'a:5:{i:82;s:1:\"3\";i:85;s:1:\"1\";i:87;s:1:\"1\";i:89;s:1:\"2\";i:94;s:1:\"2\";}', 27, '0.9589', 16),
(298, '2023-06-07', 'a:7:{i:27;s:6:\"0.9673\";i:26;s:6:\"0.8240\";i:23;s:6:\"0.8010\";i:25;s:6:\"0.7747\";i:22;s:6:\"0.3600\";i:24;s:6:\"0.2400\";i:28;s:6:\"0.1200\";}', 'a:5:{i:82;s:1:\"3\";i:85;s:1:\"1\";i:88;s:1:\"1\";i:90;s:1:\"5\";i:94;s:1:\"3\";}', 27, '0.9673', 16),
(299, '2023-06-07', 'a:5:{i:23;s:6:\"0.8560\";i:26;s:6:\"0.8000\";i:27;s:6:\"0.6880\";i:22;s:6:\"0.6000\";i:28;s:6:\"0.2000\";}', 'a:2:{i:94;s:1:\"2\";i:100;s:1:\"1\";}', 23, '0.8560', 16),
(300, '2023-06-07', 'a:7:{i:28;s:6:\"0.8000\";i:24;s:6:\"0.6960\";i:23;s:6:\"0.4800\";i:22;s:6:\"0.3600\";i:25;s:6:\"0.3600\";i:27;s:6:\"0.2400\";i:26;s:6:\"0.1200\";}', 'a:2:{i:82;s:1:\"3\";i:87;s:1:\"1\";}', 28, '0.8000', 16),
(301, '2023-06-07', 'a:7:{i:28;s:6:\"0.4800\";i:24;s:6:\"0.4624\";i:23;s:6:\"0.3200\";i:22;s:6:\"0.2400\";i:25;s:6:\"0.2400\";i:27;s:6:\"0.1600\";i:26;s:6:\"0.0800\";}', 'a:2:{i:82;s:1:\"4\";i:87;s:1:\"3\";}', 28, '0.4800', 16),
(302, '2023-06-07', 'a:7:{i:23;s:6:\"0.8000\";i:22;s:6:\"0.6000\";i:25;s:6:\"0.6000\";i:24;s:6:\"0.4720\";i:27;s:6:\"0.4000\";i:26;s:6:\"0.2000\";i:28;s:6:\"0.1600\";}', 'a:2:{i:82;s:1:\"1\";i:87;s:1:\"5\";}', 23, '0.8000', 16),
(303, '2023-06-07', 'a:7:{i:23;s:6:\"0.6400\";i:24;s:6:\"0.4832\";i:22;s:6:\"0.4800\";i:25;s:6:\"0.4800\";i:27;s:6:\"0.3200\";i:28;s:6:\"0.3200\";i:26;s:6:\"0.1600\";}', 'a:2:{i:82;s:1:\"2\";i:87;s:1:\"4\";}', 23, '0.6400', 16),
(304, '2023-06-07', 'a:7:{i:28;s:6:\"0.4800\";i:24;s:6:\"0.4624\";i:23;s:6:\"0.3200\";i:22;s:6:\"0.2400\";i:25;s:6:\"0.2400\";i:27;s:6:\"0.1600\";i:26;s:6:\"0.0800\";}', 'a:2:{i:82;s:1:\"4\";i:87;s:1:\"3\";}', 28, '0.4800', 16),
(305, '2023-06-07', 'a:6:{i:24;s:6:\"0.8640\";i:26;s:6:\"0.6640\";i:23;s:6:\"0.6400\";i:22;s:6:\"0.4800\";i:25;s:6:\"0.4800\";i:27;s:6:\"0.3200\";}', 'a:2:{i:82;s:1:\"2\";i:91;s:1:\"1\";}', 24, '0.8640', 16),
(311, '2023-06-08', 'a:7:{i:23;s:6:\"0.8320\";i:27;s:6:\"0.7878\";i:24;s:6:\"0.7840\";i:22;s:6:\"0.7280\";i:25;s:6:\"0.6960\";i:28;s:6:\"0.2400\";i:26;s:6:\"0.2000\";}', 'a:3:{i:82;s:1:\"1\";i:89;s:1:\"2\";i:90;s:1:\"4\";}', 23, '0.8320', 16),
(312, '2023-06-08', 'a:7:{i:27;s:6:\"0.7313\";i:24;s:6:\"0.6400\";i:25;s:6:\"0.4224\";i:22;s:6:\"0.3200\";i:26;s:6:\"0.3200\";i:28;s:6:\"0.2400\";i:23;s:6:\"0.1600\";}', 'a:3:{i:88;s:1:\"4\";i:89;s:1:\"2\";i:90;s:1:\"4\";}', 27, '0.7313', 16),
(313, '2023-06-08', 'a:7:{i:27;s:6:\"0.9459\";i:25;s:6:\"0.7920\";i:24;s:6:\"0.6400\";i:26;s:6:\"0.6400\";i:28;s:6:\"0.6000\";i:23;s:6:\"0.4000\";i:22;s:6:\"0.3200\";}', 'a:3:{i:88;s:1:\"2\";i:89;s:1:\"2\";i:90;s:1:\"1\";}', 27, '0.9459', 16),
(314, '2023-06-21', 'a:6:{i:23;s:6:\"0.8000\";i:22;s:6:\"0.6000\";i:25;s:6:\"0.6000\";i:24;s:6:\"0.4000\";i:27;s:6:\"0.4000\";i:26;s:6:\"0.2000\";}', 'a:1:{i:82;s:1:\"1\";}', 23, '0.8000', 16),
(315, '2023-06-21', 'a:3:{i:24;s:6:\"0.8000\";i:27;s:6:\"0.6000\";i:22;s:6:\"0.4000\";}', 'a:1:{i:89;s:1:\"1\";}', 24, '0.8000', 16),
(322, '2023-06-21', 'a:7:{i:27;s:6:\"0.9210\";i:23;s:6:\"0.8336\";i:26;s:6:\"0.8240\";i:22;s:6:\"0.7696\";i:25;s:6:\"0.7696\";i:24;s:6:\"0.2400\";i:28;s:6:\"0.1600\";}', 'a:5:{i:82;s:1:\"3\";i:83;s:1:\"2\";i:84;s:1:\"2\";i:85;s:1:\"1\";i:86;s:1:\"1\";}', 27, '0.9210', 16),
(323, '2023-06-22', 'a:7:{i:24;s:6:\"0.9156\";i:23;s:6:\"0.8000\";i:22;s:6:\"0.6960\";i:28;s:6:\"0.6400\";i:27;s:6:\"0.6160\";i:25;s:6:\"0.6000\";i:26;s:6:\"0.4880\";}', 'a:4:{i:82;s:1:\"1\";i:87;s:1:\"2\";i:89;s:1:\"3\";i:91;s:1:\"3\";}', 24, '0.9156', 16),
(324, '2023-06-22', 'a:2:{i:27;s:6:\"0.8000\";i:23;s:6:\"0.2000\";}', 'a:1:{i:85;s:1:\"1\";}', 27, '0.8000', 16),
(325, '2023-06-22', 'a:3:{i:22;s:6:\"0.8000\";i:25;s:6:\"0.8000\";i:27;s:6:\"0.6000\";}', 'a:1:{i:83;s:1:\"1\";}', 22, '0.8000', 16),
(351, '2023-06-25', 'a:3:{i:22;s:6:\"0.8000\";i:25;s:6:\"0.8000\";i:27;s:6:\"0.6000\";}', 'a:1:{i:83;s:1:\"1\";}', 22, '0.8000', 16),
(352, '2023-06-25', 'a:3:{i:22;s:6:\"0.8000\";i:25;s:6:\"0.8000\";i:27;s:6:\"0.6000\";}', 'a:1:{i:83;s:1:\"1\";}', 22, '0.8000', 16),
(353, '2023-06-25', 'a:3:{i:22;s:6:\"0.6400\";i:25;s:6:\"0.6400\";i:27;s:6:\"0.4800\";}', 'a:1:{i:83;s:1:\"2\";}', 22, '0.6400', 16),
(354, '2023-06-25', 'a:6:{i:23;s:6:\"0.8000\";i:22;s:6:\"0.7920\";i:25;s:6:\"0.7920\";i:27;s:6:\"0.6160\";i:24;s:6:\"0.4000\";i:26;s:6:\"0.2000\";}', 'a:2:{i:82;s:1:\"1\";i:83;s:1:\"3\";}', 23, '0.8000', 16),
(355, '2023-06-25', 'a:3:{i:22;s:6:\"0.8000\";i:25;s:6:\"0.8000\";i:27;s:6:\"0.6000\";}', 'a:1:{i:83;s:1:\"1\";}', 22, '0.8000', 16),
(356, '2023-06-25', 'a:3:{i:22;s:6:\"0.8000\";i:25;s:6:\"0.8000\";i:27;s:6:\"0.6000\";}', 'a:1:{i:83;s:1:\"1\";}', 22, '0.8000', 16),
(359, '2023-06-25', 'a:3:{i:22;s:6:\"0.8000\";i:25;s:6:\"0.8000\";i:27;s:6:\"0.6000\";}', 'a:1:{i:83;s:1:\"1\";}', 22, '0.8000', 16),
(360, '2023-06-25', 'a:3:{i:22;s:6:\"0.8000\";i:25;s:6:\"0.8000\";i:27;s:6:\"0.6000\";}', 'a:1:{i:83;s:1:\"1\";}', 22, '0.8000', 16),
(367, '2023-07-24', 'a:6:{i:23;s:6:\"0.8000\";i:22;s:6:\"0.6000\";i:25;s:6:\"0.6000\";i:24;s:6:\"0.4000\";i:27;s:6:\"0.4000\";i:26;s:6:\"0.2000\";}', 'a:1:{i:82;s:1:\"1\";}', 23, '0.8000', 16),
(368, '2023-07-24', 'a:6:{i:23;s:6:\"0.8000\";i:22;s:6:\"0.6000\";i:25;s:6:\"0.6000\";i:24;s:6:\"0.4000\";i:27;s:6:\"0.4000\";i:26;s:6:\"0.2000\";}', 'a:1:{i:82;s:1:\"1\";}', 23, '0.8000', 16),
(369, '2023-07-24', 'a:6:{i:23;s:6:\"0.8000\";i:22;s:6:\"0.6000\";i:25;s:6:\"0.6000\";i:24;s:6:\"0.4000\";i:27;s:6:\"0.4000\";i:26;s:6:\"0.2000\";}', 'a:1:{i:82;s:1:\"1\";}', 23, '0.8000', 16),
(370, '2023-07-24', 'a:6:{i:22;s:6:\"0.9200\";i:25;s:6:\"0.9200\";i:23;s:6:\"0.8000\";i:27;s:6:\"0.7600\";i:24;s:6:\"0.4000\";i:26;s:6:\"0.2000\";}', 'a:2:{i:82;s:1:\"1\";i:83;s:1:\"1\";}', 22, '0.9200', 16),
(371, '2023-07-24', 'a:6:{i:23;s:6:\"0.8000\";i:22;s:6:\"0.6000\";i:25;s:6:\"0.6000\";i:24;s:6:\"0.4000\";i:27;s:6:\"0.4000\";i:26;s:6:\"0.2000\";}', 'a:1:{i:82;s:1:\"1\";}', 23, '0.8000', 16),
(372, '2023-07-24', 'a:6:{i:23;s:6:\"0.8000\";i:22;s:6:\"0.6000\";i:25;s:6:\"0.6000\";i:24;s:6:\"0.4000\";i:27;s:6:\"0.4000\";i:26;s:6:\"0.2000\";}', 'a:1:{i:82;s:1:\"1\";}', 23, '0.8000', 16),
(373, '2023-07-24', 'a:4:{i:25;s:6:\"0.6000\";i:24;s:6:\"0.4000\";i:27;s:6:\"0.4000\";i:26;s:6:\"0.2000\";}', 'a:1:{i:82;s:1:\"1\";}', 25, '0.6000', 16),
(374, '2023-07-24', 'a:4:{i:25;s:6:\"0.6000\";i:24;s:6:\"0.4000\";i:27;s:6:\"0.4000\";i:26;s:6:\"0.2000\";}', 'a:1:{i:82;s:1:\"1\";}', 25, '0.6000', 16),
(379, '2023-07-24', 'a:2:{i:23;s:6:\"0.8000\";i:22;s:6:\"0.6000\";}', 'a:1:{i:82;s:1:\"1\";}', 23, '0.8000', 17),
(380, '2023-07-24', 'a:0:{}', 'a:1:{i:82;s:1:\"1\";}', 0, '', 17),
(381, '2023-07-24', 'a:2:{i:23;s:6:\"0.8000\";i:22;s:6:\"0.6000\";}', 'a:1:{i:82;s:1:\"1\";}', 23, '0.8000', 17),
(382, '2023-07-24', 'a:4:{i:25;s:6:\"0.6000\";i:24;s:6:\"0.4000\";i:27;s:6:\"0.4000\";i:26;s:6:\"0.2000\";}', 'a:1:{i:82;s:1:\"1\";}', 25, '0.6000', 16),
(383, '2023-07-24', 'a:4:{i:24;s:6:\"0.9156\";i:27;s:6:\"0.6160\";i:25;s:6:\"0.6000\";i:26;s:6:\"0.4880\";}', 'a:4:{i:82;s:1:\"1\";i:87;s:1:\"2\";i:89;s:1:\"3\";i:91;s:1:\"3\";}', 24, '0.9156', 16),
(384, '2023-07-24', 'a:1:{i:28;s:6:\"0.9040\";}', 'a:3:{i:84;s:1:\"1\";i:95;s:1:\"2\";i:99;s:1:\"1\";}', 28, '0.9040', 16),
(385, '2023-07-24', 'a:4:{i:25;s:6:\"0.6000\";i:24;s:6:\"0.4000\";i:27;s:6:\"0.4000\";i:26;s:6:\"0.2000\";}', 'a:1:{i:82;s:1:\"1\";}', 25, '0.6000', 16),
(386, '2023-07-24', 'a:2:{i:25;s:6:\"0.8000\";i:27;s:6:\"0.6000\";}', 'a:1:{i:83;s:1:\"1\";}', 25, '0.8000', 16),
(387, '2023-07-24', 'a:1:{i:22;s:6:\"0.8000\";}', 'a:1:{i:83;s:1:\"1\";}', 22, '0.8000', 17);

-- --------------------------------------------------------

--
-- Struktur dari tabel `tb_kondisi`
--

CREATE TABLE `tb_kondisi` (
  `id` int(11) NOT NULL,
  `kondisi` varchar(300) NOT NULL,
  `ket` varchar(300) NOT NULL
) ENGINE=InnoDB DEFAULT CHARSET=utf8mb4;

--
-- Dumping data untuk tabel `tb_kondisi`
--

INSERT INTO `tb_kondisi` (`id`, `kondisi`, `ket`) VALUES
(1, 'Sangat Yakin', ''),
(2, 'Yakin', ''),
(3, 'Cukup Yakin', ''),
(4, 'Sedikit Yakin', ''),
(5, 'Kurang Yakin', '');

-- --------------------------------------------------------

--
-- Struktur dari tabel `tb_pengetahuan`
--

CREATE TABLE `tb_pengetahuan` (
  `id_pengetahuan` int(11) NOT NULL,
  `id_penyakit` int(11) NOT NULL,
  `id_gejala` int(11) NOT NULL,
  `mb` float NOT NULL,
  `md` float NOT NULL
) ENGINE=InnoDB DEFAULT CHARSET=utf8mb4;

--
-- Dumping data untuk tabel `tb_pengetahuan`
--

INSERT INTO `tb_pengetahuan` (`id_pengetahuan`, `id_penyakit`, `id_gejala`, `mb`, `md`) VALUES
(200, 22, 82, 0.8, 0.2),
(201, 22, 83, 1, 0.2),
(202, 22, 89, 0.6, 0.2),
(203, 22, 96, 0.8, 0.2),
(204, 22, 97, 1, 0),
(205, 22, 100, 0.8, 0.2),
(206, 23, 82, 1, 0.2),
(207, 23, 85, 0.8, 0.6),
(208, 23, 86, 0.8, 0.2),
(209, 23, 90, 0.6, 0.2),
(211, 23, 94, 1, 0.2),
(212, 23, 100, 0.8, 0.2),
(213, 24, 82, 0.6, 0.2),
(214, 24, 87, 0.8, 0.2),
(215, 24, 89, 1, 0.2),
(216, 24, 91, 1, 0.2),
(217, 25, 82, 0.8, 0.2),
(218, 25, 83, 1, 0.2),
(219, 25, 88, 0.8, 0.2),
(220, 25, 90, 0.8, 0.2),
(221, 25, 93, 1, 0),
(222, 25, 96, 1, 0.2),
(223, 26, 82, 0.4, 0.2),
(224, 26, 86, 1, 0.2),
(225, 26, 88, 1, 0.2),
(226, 26, 91, 0.8, 0.2),
(227, 26, 100, 1, 0.2),
(228, 27, 82, 0.8, 0.4),
(229, 27, 83, 0.8, 0.2),
(230, 27, 85, 1, 0.2),
(231, 27, 88, 1, 0.4),
(232, 27, 89, 0.8, 0.2),
(233, 27, 90, 1, 0.2),
(234, 27, 92, 1, 0),
(235, 27, 94, 0.8, 0.2),
(236, 27, 98, 1, 0),
(237, 27, 100, 0.8, 0.4),
(238, 28, 84, 0.6, 0.4),
(239, 28, 87, 1, 0.2),
(240, 28, 90, 0.8, 0.2),
(241, 28, 95, 1, 0),
(242, 28, 99, 0.6, 0.2),
(243, 28, 100, 0.6, 0.4);

-- --------------------------------------------------------

--
-- Struktur dari tabel `tb_pengguna`
--

CREATE TABLE `tb_pengguna` (
  `id_pengguna` int(11) NOT NULL,
  `nama_pengguna` varchar(20) NOT NULL,
  `jk` enum('Laki-Laki','Perempuan') NOT NULL,
  `tanggal_lahir` date NOT NULL,
  `alamat` varchar(300) NOT NULL,
  `telepon` varchar(300) NOT NULL,
  `username` varchar(20) NOT NULL,
  `password` varchar(20) NOT NULL,
  `level` enum('Pakar','Pasien','Admin') NOT NULL
) ENGINE=InnoDB DEFAULT CHARSET=latin1;

--
-- Dumping data untuk tabel `tb_pengguna`
--

INSERT INTO `tb_pengguna` (`id_pengguna`, `nama_pengguna`, `jk`, `tanggal_lahir`, `alamat`, `telepon`, `username`, `password`, `level`) VALUES
(6, 'Ano Saragih', 'Laki-Laki', '0000-00-00', 'Jln.Bajawa', '081237321483', 'pakar', 'pakar', 'Pakar'),
(16, 'Andreas', 'Laki-Laki', '1999-05-30', 'Jln. Komodo', '0921348789575', 'andreas', 'andreas', 'Pasien'),
(17, 'Bayi', 'Perempuan', '2022-02-02', 'lasiana', '0921348789575', 'bayi', 'bayi', 'Pasien');

-- --------------------------------------------------------

--
-- Struktur dari tabel `tb_penyakit`
--

CREATE TABLE `tb_penyakit` (
  `id_penyakit` int(11) NOT NULL,
  `nama_penyakit` varchar(200) NOT NULL,
  `det_penyakit` varchar(500) NOT NULL,
  `srn_penyakit` varchar(10000) NOT NULL,
  `tipe_penyakit` varchar(100) NOT NULL,
  `gambar_penyakit` varchar(500) NOT NULL
) ENGINE=InnoDB DEFAULT CHARSET=utf8mb4;

--
-- Dumping data untuk tabel `tb_penyakit`
--

INSERT INTO `tb_penyakit` (`id_penyakit`, `nama_penyakit`, `det_penyakit`, `srn_penyakit`, `tipe_penyakit`, `gambar_penyakit`) VALUES
(22, 'Katarak Kongenital', '<p>Katarak kongenital merupakan katarak yang dialami bayi baru lahir yang lensa matanya mengalami keruh atau buram sejak lahir. Sinar cahaya yang masuk ke mata menjadi tersebar ketika melewati lensa yang keruh, sehingga gambar dan cahaya yang masuk ke dalam mata menjadi kabur dan tidak sempurna</p>\r\n', '<p>Segera lakukan konsultasi ke dokter mata, jika penyakit yang terjadi cukup parah maka dokter akan melakukan penanganan seperti operasi mata</p>\r\n', '5 Tahun Kebawah', 'kongenital.jpg'),
(23, 'Katarak juvenil', '<p>Katarak juvenil merupakan katarak lembek yang terdapat pada orang muda dan mulai terbentuknya pada usia 3 bulan sampai 9 tahun. Katarak juvenil diakibatkan oleh gangguan pada perkembangan normal lensa. Katarak jenis ini sering dapat dijumpai pada anak/remaja sehingga anak-anak sering mengalami penurunan produktivitas</p>\r\n', '<p>Segera melakukan konsultasi dengan dokter agar dilakukan operasi mata secepatnya. jika lama dibiarkan dapat mengganggu perkembangan mata seperti mata malas (ambliopia) bahkan kebutaan</p>\r\n', '5 Tahun Kebawah', 'juvenil.jpg'),
(24, 'Katarak insipien', '<p>Merupakan stadium satu (awal), dimana kekeruhan lensa mata masih sangat minim, bahkan terkadang sulit terlihat tanpa menggunakan alat bantu periksa. Pada tahap ini seringkali penderitanya tidak merasakan keluhan atau gangguan pada penglihatannya, sehingga cenderung diabaikan. Kekeruhan mulai dari tepi ekuator berbentuk jeruji menuju korteks anterior dan posterior</p>\r\n', '<p>Segera lakukan pemeriksaan lebih lanjut di dokter mata agar dokter dapat memberikan obat mata yang sesuai dengan dosis yang diperlukan</p>\r\n', '5 Tahun Keatas', 'insipien.png'),
(25, 'Katarak senilis imatur', '<p>Merupakan katarak stadium dua yang ditandai dengan kekeruhan lensa mata yang lebih tebal tetapi belum mengenai seluruh lensa sehingga masih terdapat bagian- bagian yang jernih pada lensa. Pada stadium ini terjadi hidrasi kortek yang mengakibatkan lensa menjadi bertambah cembung. Pencembungan lensa akan memberikan perubahan indeks refraksi dimana mata akan menjadi mioptik. Kecembungan ini akan mengakibatkan pendorongan iris kedepan sehingga bilik mata depan akan lebih sempit</p>\r\n', '<p>Segera lakukan pemeriksaan lab di dokter mata untuk diberikan obat mata&nbsp;</p>\r\n', '5 Tahun Keatas', 'senilis imatur.jpeg'),
(26, 'Katarak senilis matur', '<p>Katarak senilis matur merupakan katarak stadium tiga (tahap lanjut), dimana kekeruhan telah mengenai seluruh massa lensa. Kekeruhan ini terjadi akibat deposit ion Ca yang menyeluruh. Apabila dibiarkan saja akan menjadi katarak dengan kandungan air berlebih, yang dapat memblok pupil dan menyebabkan tekanan pada bola mata meningkat</p>\r\n', '<p>Disarankan untuk melakukan operasi dan penggantian lensa mata</p>\r\n', '5 Tahun Keatas', 'senilis matur.jpg'),
(27, 'Katarak senilis hipermatur', '<p>Katarak senilis hipermatur merupakan stadium empat (tahap sangat lanjut), dimana kekeruhan telah mengenai seluruh massa lensa dan telah mengalami proses degenerasi lanjut, dapat menjadi lembek dan mencair. Masa lensa telah mencair dan sudah merembes melalui kapsul lensa dan bisa menyebabkan peradangan pada struktur mata yang lainya. Pada tahap ini penglihatan sudah sangat menghilang dan sudah masuk ke fase glaukoma atau kebutaan</p>\r\n', '<p>Segera menghubungi dokter untuk dilakukan operasi ganti lensa mata</p>\r\n', '5 Tahun Keatas', 'senilis hipermatur.jpeg'),
(28, 'Katarak traumatik', '<p>Katarak traumatik merupakan kondisi ketika lensa mata menjadi keruh akibat luka atau cedera pada mata. Kondisi ini dapat terjadi secara singkat atau bertahun-tahun setelah mata mengalami cedera</p>\r\n', '<p>Disarankan segera melakukan operasi mata dan penggantian lensa mata</p>\r\n', 'Umum', 'traumatik.jpeg');

--
-- Indexes for dumped tables
--

--
-- Indeks untuk tabel `tb_gejala`
--
ALTER TABLE `tb_gejala`
  ADD PRIMARY KEY (`id_gejala`);

--
-- Indeks untuk tabel `tb_hasil`
--
ALTER TABLE `tb_hasil`
  ADD PRIMARY KEY (`id_hasil`);

--
-- Indeks untuk tabel `tb_kondisi`
--
ALTER TABLE `tb_kondisi`
  ADD PRIMARY KEY (`id`);

--
-- Indeks untuk tabel `tb_pengetahuan`
--
ALTER TABLE `tb_pengetahuan`
  ADD PRIMARY KEY (`id_pengetahuan`);

--
-- Indeks untuk tabel `tb_pengguna`
--
ALTER TABLE `tb_pengguna`
  ADD PRIMARY KEY (`id_pengguna`);

--
-- Indeks untuk tabel `tb_penyakit`
--
ALTER TABLE `tb_penyakit`
  ADD PRIMARY KEY (`id_penyakit`);

--
-- AUTO_INCREMENT untuk tabel yang dibuang
--

--
-- AUTO_INCREMENT untuk tabel `tb_gejala`
--
ALTER TABLE `tb_gejala`
  MODIFY `id_gejala` int(11) NOT NULL AUTO_INCREMENT, AUTO_INCREMENT=104;

--
-- AUTO_INCREMENT untuk tabel `tb_hasil`
--
ALTER TABLE `tb_hasil`
  MODIFY `id_hasil` int(11) NOT NULL AUTO_INCREMENT, AUTO_INCREMENT=388;

--
-- AUTO_INCREMENT untuk tabel `tb_kondisi`
--
ALTER TABLE `tb_kondisi`
  MODIFY `id` int(11) NOT NULL AUTO_INCREMENT, AUTO_INCREMENT=6;

--
-- AUTO_INCREMENT untuk tabel `tb_pengetahuan`
--
ALTER TABLE `tb_pengetahuan`
  MODIFY `id_pengetahuan` int(11) NOT NULL AUTO_INCREMENT, AUTO_INCREMENT=244;

--
-- AUTO_INCREMENT untuk tabel `tb_pengguna`
--
ALTER TABLE `tb_pengguna`
  MODIFY `id_pengguna` int(11) NOT NULL AUTO_INCREMENT, AUTO_INCREMENT=18;

--
-- AUTO_INCREMENT untuk tabel `tb_penyakit`
--
ALTER TABLE `tb_penyakit`
  MODIFY `id_penyakit` int(11) NOT NULL AUTO_INCREMENT, AUTO_INCREMENT=29;
COMMIT;

/*!40101 SET CHARACTER_SET_CLIENT=@OLD_CHARACTER_SET_CLIENT */;
/*!40101 SET CHARACTER_SET_RESULTS=@OLD_CHARACTER_SET_RESULTS */;
/*!40101 SET COLLATION_CONNECTION=@OLD_COLLATION_CONNECTION */;
